element,id,geometry,internet_access,name,name:mr,network,operator,public_transport,railway,ref,train,wikidata,wikipedia,amenity,addr:city,addr:district,addr:postcode,addr:street,brand,building,fuel:air,fuel:cng,fuel:diesel,fuel:petrol,self_service,name:azb,name:be,name:de,name:el,name:en,name:es,name:hi,name:ks,name:sr,name:uk,name:ur,name:fa,cuisine,branch,brand:wikidata,brand:wikipedia,addr:full,addr:state,healthcare,source,email,operator:type,website,healthcare:speciality,opening_hours,addr:housenumber,brand:ur,short_name,short_name:ur,covered,addr:subdistrict,description,network:wikidata,station,subway,bicycle,wheelchair,bus,air_conditioning,atm,drive_through,addr:floor,check_date,level,diet:vegetarian,grades,delivery,diet:non-vegetarian,smoking,toilets,fuel:h70,phone,fuel:octane_91,fuel:octane_95,emergency,official_name,layer,opening_hours:covid19,building:levels,wikimedia_commons,addr:neighbourhood,bar,landuse,name:etymology:wikidata,type
node,691259390,POINT (73.8208678 18.6080927),no,Kasarwadi,कासारवाडी,IR,CR,station,station,KSWD,yes,Q15234068,en:Kasarwadi railway station,,,,,,,,,,,,,,,,,,,,,,,,,,,,,,,,,,,,,,,,,,,,,,,,,,,,,,,,,,,,,,,,,,,,,,,,,,,,,
node,988738259,POINT (73.8015444 18.5883392),,Shree Sakthi Hospital,,,,,,,,,,hospital,,,,,,,,,,,,,,,,,,,,,,,,,,,,,,,,,,,,,,,,,,,,,,,,,,,,,,,,,,,,,,,,,,,,,,,,,,,,
node,2345384738,POINT (73.8037493 18.5921702),,CNG PETROL PUMP,,,,,,,,,,fuel,PUNE,PUNE,411027,KATE VASTI,INDIAN OIL,yes,yes,yes,yes,yes,no,,,,,,,,,,,,,,,,,,,,,,,,,,,,,,,,,,,,,,,,,,,,,,,,,,,,,,,,,,,,,,,,,
node,2345384739,POINT (73.8028964 18.6005441),,,,,,,,,,,,fuel,,,,,,yes,,,,,,,,,,,,,,,,,,,,,,,,,,,,,,,,,,,,,,,,,,,,,,,,,,,,,,,,,,,,,,,,,,,,,,
node,2432308147,POINT (73.8326856 18.5814473),no,Dapodi,,Pune Metro,Central Railway,station,station,DAPD,yes,Q15212786,en:Dapodi railway station,,,,,,,,,,,,,,,,,,,,,,,,,,,,,,,,,,,,,,,,,,,,,,,,,,,,,,,,,,,,,,,,,,,,,,,,,,,,,
node,2432308277,POINT (73.8025117 18.6229526),no,Pimpri,पिंपरी,IR,CR,station,station,PMP,yes,Q7194727,en:Pimpri railway station,,,,,,,,,,,,,پیمپری,Пімпры,Pimpri,Πίμπρι,Pimpri,Pimpri,पिंपरी,پمپری,Пимпри,Пімпрі,پمپری,,,,,,,,,,,,,,,,,,,,,,,,,,,,,,,,,,,,,,,,,,,,,,,,,,,,,,
node,2432308544,POINT (73.7917128 18.6403548),no,Chinchwad,चिंचवड,IR,CR,station,station,CCH,yes,Q5100317,en:Chinchwad railway station,,,,,,,,,,,,,چینچواد,Чынчвад,,Τσιντσβάντ,,Chinchwad,,چنچواڑ,Чинчвад,Чинчвад,چنچواڑ,چینچواد,,,,,,,,,,,,,,,,,,,,,,,,,,,,,,,,,,,,,,,,,,,,,,,,,,,,,
node,3842306304,POINT (73.8517596 18.6291755),,Roshal Garden,,,,,,,,,,restaurant,,,,,,,,,,,,,,,,,,,,,,,,,,,,,,,,,,,,,,,,,,,,,,,,,,,,,,,,,,,,,,,,,,,,,,,,,,,,
node,4441618789,POINT (73.8447182 18.6370551),,,,,,,,,,,,bank,,,,,,,,,,,,,,,,Bank of Maharashtra,,,,,,,,,,,,,,,,,,,,,,,,,,,,,,,,,,,,,,,,,,,,,,,,,,,,,,,,,,,,
node,4577501697,POINT (73.8026102 18.6303847),,,,,,,,,,,,restaurant,,,,finolex chaulk,,,,,,,,,,,,Supreme Restaurant & Bar,,,,,,,,fish;noodles;ice_cream;grill;seafood;italian_pizza;indian,,,,,,,,,,,,,,,,,,,,,,,,,,,,,,,,,,,,,,,,,,,,,,,,,,,,
node,4770478521,POINT (73.8009195 18.5928322),,,,,,,,,,,,restaurant,,,,,,,,,,,,,,,,Kimling Rush,,,,,,,,,,,,,,,,,,,,,,,,,,,,,,,,,,,,,,,,,,,,,,,,,,,,,,,,,,,,
node,5823516411,POINT (73.7938517 18.6407225),,Janata Bank,जनता बँक,,Janata Bank,,,,,,,bank,,,,,,,,,,,,,,,,,,,,,,,,,Chinchwad Station,,,,,,,,,,,,,,,,,,,,,,,,,,,,,,,,,,,,,,,,,,,,,,,,,,,
node,6464924685,POINT (73.8018922 18.5957995),,,,,,,,,,,,school,,,,,,,,,,,,,,,,GK Gurukul,,,,,,,,,,,,,,,,,,,,,,,,,,,,,,,,,,,,,,,,,,,,,,,,,,,,,,,,,,,,
node,7011007165,POINT (73.849523 18.6366091),,Indian Oil,,,,,,,,,,fuel,,,,,Indian Oil,,,,,,,,,,,,,,,,,,,,,Q1289348,en:Indian Oil Corporation,,,,,,,,,,,,,,,,,,,,,,,,,,,,,,,,,,,,,,,,,,,,,,,,,
node,7043448959,POINT (73.818174 18.5857676),,Siddhi Health Care Center,,,,,,,,,,hospital,,Pune,411001,,,,,,,,,,,,,,,,,,,,,,,,,Sadguru Kashid Nagar Opp Swimming Tank Near Kate Chowk Pimple Gurav,Maharashtra,hospital,OpenGovernmentData,,,,,,,,,,,,,,,,,,,,,,,,,,,,,,,,,,,,,,,,,,,,,
node,7044292218,POINT (73.8014048 18.5887256),,Shree Shakti Hospital,,,,,,,,,,hospital,,Pune,411027,,,,,,,,,,,,,,,,,,,,,,,,,"59/3, Near Katc Wosti, Next To Planet Hiueniem Societi, Pimple, Saudagar",Maharashtra,,OpenGovernmentData,,,,,,,,,,,,,,,,,,,,,,,,,,,,,,,,,,,,,,,,,,,,,
node,7045917548,POINT (73.8017106 18.6098278),,Amrut Hospital,,,,,,,,,,hospital,,Pune,411017,,,,,,,,,,,,,,,,,,,,,,,,,"Near Nav Maharashtra School, Pimpri Waghere",Maharashtra,hospital,OpenGovernmentData,,,,,,,,,,,,,,,,,,,,,,,,,,,,,,,,,,,,,,,,,,,,,
node,7046347414,POINT (73.833248 18.5840808),,Lunkad Hospital,,,,,,,,,,hospital,,Pune,411012,,,,,,,,,,,,,,,,,,,,,,,,,"33 A, Mumbai-Pune Road, Dapodi",Maharashtra,hospital,OpenGovernmentData,,,,,,,,,,,,,,,,,,,,,,,,,,,,,,,,,,,,,,,,,,,,,
node,7047913609,POINT (73.803735 18.6185477),,Pimpri Chinchwad (Pcip) Institute Of Paediatrics,,,,,,,,,,hospital,,Pune,411018,,,,,,,,,,,,,,,,,,,,,,,,,"Backau Wolf Gate, Station Road, Pimpri",Maharashtra,hospital,OpenGovernmentData,,,,,,,,,,,,,,,,,,,,,,,,,,,,,,,,,,,,,,,,,,,,,
node,7047964541,POINT (73.7967941 18.6394848),,Niramaya Hospital,,,,,,,,,,hospital,PCMC,Pune,411019,Tata Motors Road,,,,,,,,,,,,,,,,,,,,,,,,"Survey No.4742, Behind Jai Hind Petrol Pump, Next to Chinchwad (E) Post Office, Chinchwad",Maharashtra,hospital,OpenGovernmentData,niramayachinchwad@niramayahospital.com,private,https://niramayahospital.com/,,,,,,,,,,,,,,,,,,,,,,,,,,,,,,,,,,,,,,,,,,
node,7048628810,POINT (73.7992403 18.6186926),,"Kaushal Hospital, Pune",,,dr kaushal,,,,,,,hospital,pune,,411044,Pimple Saudagar-Pimpri Link Road,,,,,,,,,,,,,,,,,,,,,,,,"Plot No 105, Near Kalewadi Bridge, Pimpri",,hospital,OpenGovernmentData;local knowledge,,private,,ophthalmology,,,,,,,,,,,,,,,,,,,,,,,,,,,,,,,,,,,,,,,,,
node,7049410558,POINT (73.8129256 18.6283685),,"Sushrut Hospital, Chinchwad",,,,,,,,,,hospital,,Pune,411019,,,,,,,,,,,,,,,,,,,,,,,,,"Near Mumbai Pune Road, Chinchwad Station",Maharashtra,hospital,OpenGovernmentData,,,,,,,,,,,,,,,,,,,,,,,,,,,,,,,,,,,,,,,,,,,,,
node,7049765623,POINT (73.8028754 18.6182834),,Sainath Orthopaedic Hospital,,,,,,,,,,hospital,,Pune,411039,,,,,,,,,,,,,,,,,,,,,,,,,"Nagdeo Tower,Pune - Nashik Road,Bhosari",Maharashtra,hospital,OpenGovernmentData,,,,,,,,,,,,,,,,,,,,,,,,,,,,,,,,,,,,,,,,,,,,,
node,7053008550,POINT (73.8010407 18.6200124),,Anjali Hospital,,,,,,,,,,hospital,,Pune,411017,,,,,,,,,,,,,,,,,,,,,,,,,"568, Dr. Ambedkar Chowk, Opp Deluxe Cinema, Pimpri",Maharashtra,hospital,OpenGovernmentData,,,,,,,,,,,,,,,,,,,,,,,,,,,,,,,,,,,,,,,,,,,,,
node,7053694031,POINT (73.8190953 18.5891781),,"Pooja Hospital, Pune",,,,,,,,,,hospital,,Pune,411027,,,,,,,,,,,,,,,,,,,,,,,,,"Survey No. 43/1/1, Anand Park Dapopi Road, Pimple Gurav",Maharashtra,hospital,OpenGovernmentData,,,,,,,,,,,,,,,,,,,,,,,,,,,,,,,,,,,,,,,,,,,,,
node,7054210752,POINT (73.8283718 18.5821441),,Moraya Hospital,,,,,,,,,,hospital,,Pune,411012,,,,,,,,,,,,,,,,,,,,,,,,,"Gauri Appartment, Dapodi, Pimple Gurave Road, Dapodi",Maharashtra,hospital,OpenGovernmentData,,,,,24/7,,,,,,,,,,,,,,,,,,,,,,,,,,,,,,,,,,,,,,,,
node,7054301099,POINT (73.8493024 18.6337676),,Desai Hospital,,,,,,,,,,hospital,Pune,Pune,411039,Pune Nashik Road,,,,,,,,,,,,,,,,,,,,,,,,"Sec. No.1, Plot. No.7/8",Maharashtra,hospital,OpenGovernmentData,,,,,,beside Hotel Haveli,,,,,,,,,,,,,,,,,,,,,,,,,,,,,,,,,,,,,,,
node,7055027667,POINT (73.8514093 18.621807),,"Anand Hospital, Bhosari",,,,,,,,,,hospital,,Pune,411039,,,,,,,,,,,,,,,,,,,,,,,,,"Opposite Pmt Bus Stop, Pune-Nashik Road, Bhosari",Maharashtra,,OpenGovernmentData,,,,,,,,,,,,,,,,,,,,,,,,,,,,,,,,,,,,,,,,,,,,,
node,7055245140,POINT (73.7912714 18.6191718),,Medlife Multispeciality Hospital and Icu,,,,,,,,,,hospital,,Pune,411017,,,,,,,,,,,,,,,,,,,,,,,,,"Near Jyotibha Temple,Alphonsa School Road,Vijay Nagar,Kalewadi",Maharashtra,hospital,OpenGovernmentData,,,,,,,,,,,,,,,,,,,,,,,,,,,,,,,,,,,,,,,,,,,,,
node,7055319028,POINT (73.8300374 18.5964845),,Bagade Hospital For Women and Maternity Home,,,,,,,,,,hospital,,Pune,411012,,,,,,,,,,,,,,,,,,,,,,,,,"No. 3 & 4/7B, Agrasen Nagar,Opposite Atlas Copco Co. Dapodi",Maharashtra,hospital,OpenGovernmentData,,,,,,,,,,,,,,,,,,,,,,,,,,,,,,,,,,,,,,,,,,,,,
node,7055451090,POINT (73.8208455 18.6214797),,Ruby Ailcare Superspeciality Cardiac Care Centre,,,,,,,,,,hospital,,Pune,411018,,,,,,,,,,,,,,,,,,,,,,,,,"1st, Floor Yeshwantrao Chavan Memorial Hospital, Sant Tukaram Nagar, Pimpari",Maharashtra,,OpenGovernmentData,,,,,,,,,,,,,,,,,,,,,,,,,,,,,,,,,,,,,,,,,,,,,
node,7062711332,POINT (73.7961761 18.63563),,Carnival Cinemas,,,,,,,,,,cinema,,,,,,,,,,,,,,,,,,,,,,,,,,,,,,,,,,,,,,,,,,,,,,,,,,,,,,,,,,,,,,,,,,,,,,,,,,,,
node,7063805562,POINT (73.8492092 18.6175138),,Aai Maternity Hospital and Nursing Home,,,,,,,,,,hospital,,Jalna,431203,,,,,,,,,,,,,,,,,,,,,,,,,"Reg. No-55/Chj/2007, 8, Bhagyoday Nagar, Ambad Road",Maharashtra,,OpenGovernmentData,,,,,,,,,,,,,,,,,,,,,,,,,,,,,,,,,,,,,,,,,,,,,
node,7064947798,POINT (73.8433908 18.6195467),,Saidham Hospital,,,,,,,,,,hospital,,Pune,411039,,,,,,,,,,,,,,,,,,,,,,,,,"Near Bank Of Maharashtra, Landewadi, Bhosari",Maharashtra,,OpenGovernmentData,,,,,,,,,,,,,,,,,,,,,,,,,,,,,,,,,,,,,,,,,,,,,
node,7066374756,POINT (73.8167819 18.6332402),,"Chavan hospital, Pune",,,,,,,,,,hospital,,Pune,411018,,,,,,,,,,,,,,,,,,,,,,,,,"54, Stadium Road, Vastu Udyog - Ajmera Corner, Pimpri",Maharashtra,hospital,OpenGovernmentData,chavanhospital@hotmail.com,private,https://www.chavanhospital.com/,,,,,,,,,,,,,,,,,,,,,,,,,,,,,,,,,,,,,,,,,,
node,7066505688,POINT (73.8212612 18.6240215),,Padam.Dr.D.Y.Patil Hospital and Research Centre,,,,,,,,,,hospital,,Pune,411018,,,,,,,,,,,,,,,,,,,,,,,,,Pimpri,Maharashtra,hospital,OpenGovernmentData,,,,,,,,,,,,,,,,,,,,,,,,,,,,,,,,,,,,,,,,,,,,,
node,7066505707,POINT (73.7945558 18.6405777),,Lohade Hospital,,,,,,,,,,hospital,,Pune,411002,,,,,,,,,,,,,,,,,,,,,,,,,"Telco Road, Chinchwad Station",Maharashtra,hospital,OpenGovernmentData,,,,,,,,,,,,,,,,,,,,,,,,,,,,,,,,,,,,,,,,,,,,,
node,7069577087,POINT (73.8495646 18.6186189),,Mankikar Hospital For Children and Lab,,,,,,,,,,hospital,,Pune,411039,,,,,,,,,,,,,,,,,,,,,,,,,"D.M. Chamber, Poona Nshik Highway, Bhosari",Maharashtra,,OpenGovernmentData,,,,,,,,,,,,,,,,,,,,,,,,,,,,,,,,,,,,,,,,,,,,,
node,7069577128,POINT (73.7943419 18.6388704),,Unique Childrens Hospital,,,,,,,,,,hospital,,Pune,411019,,,,,,,,,,,,,,,,,,,,,,,,,"Hira-Moti Fortune, Mumbai-Pune Road, Opposite Chinchwad Police Station, Chinchwad",Maharashtra,hospital,OpenGovernmentData,,,,,,,,,,,,,,,,,,,,,,,,,,,,,,,,,,,,,,,,,,,,,
node,7074576486,POINT (73.819735 18.5851041),,Bhakti Hospital,,,,,,,,,,hospital,,Pune,411027,,,,,,,,,,,,,,,,,,,,,,,,,"Sant Abhang Colony, Near Poona Marble, Pimple Gurav",Maharashtra,hospital,OpenGovernmentData,,,,,,,,,,,,,,,,,,,,,,,,,,,,,,,,,,,,,,,,,,,,,
node,7074576498,POINT (73.8500802 18.617531),,"Pritam Hospital, Pune",,,,,,,,,,hospital,,Pune,411039,,,,,,,,,,,,,,,,,,,,,,,,,"APTE Colony, Nashik Highway, Bhosari",Maharashtra,,OpenGovernmentData,,,,,,,,,,,,,,,,,,,,,,,,,,,,,,,,,,,,,,,,,,,,,
node,7080269651,POINT (73.8497047 18.6188706),,Burute Hospital,,,,,,,,,,hospital,,Pune,411039,,,,,,,,,,,,,,,,,,,,,,,,,Near Rupee Co-Bank,Maharashtra,,OpenGovernmentData,,,,,,,,,,,,,,,,,,,,,,,,,,,,,,,,,,,,,,,,,,,,,
node,7083553547,POINT (73.8005094 18.6334916),,PVR,,,,,,,,,,cinema,,,,,PVR Cinemas,,,,,,,,,,,,,,,,,پی وی آر,,,,Q3359908,en:PVR Cinemas,,,,,,,,,,,پی وی آر سنیما,PVR,پی وی آر,,,,,,,,,,,,,,,,,,,,,,,,,,,,,,,,,,,,
node,7083553549,POINT (73.8004032 18.6333306),,China Grill,,,,,,,,,,restaurant,,,,,,,,,,,,,,,,,,,,,,چائنا گرل,,chinese,,,,,,,,,,,,,,,,,,,,,,,,,,,,,,,,,,,,,,,,,,,,,,,,,,,,
node,7083553558,POINT (73.8004456 18.6331378),,Barbeque Nation,,,,,,,,,,restaurant,,,,,,,,,,,,,,,,,,,,,,,,,,,,,,,,,,,,,,,,,yes,,,,,,,,,,,,,,,,,,,,,,,,,,,,,,,,,,,
node,7083553561,POINT (73.8017675 18.6314234),,Bank of Maharashtra,,,,,,,,,,bank,,,,,Bank of Maharashtra,,,,,,,,,,,,,,,,,,,,,Q2004304,en:Bank of Maharashtra,,,,,,,,,,,,,,,,,,,,,,,,,,,,,,,,,,,,,,,,,,,,,,,,,
node,7083553563,POINT (73.8028082 18.6307295),,Axis Bank,,,,,,,,,,bank,,,,,Axis Bank,,,,,,,,,,,,,,,,,,,,,Q2003549,en:Axis Bank,,,,,,,,,,,,,,,,,,,,,,,,,,,,,,,,,,,,,,,,,,,,,,,,,
node,7083553570,POINT (73.7977737 18.6338507),,ING,,,,,,,,,,bank,,,,,ING,,,,,,,,,,,,,,,,,,,,,Q645708,en:ING Group,,,,,,,,,,,,,,,,,,,,,,,,,,,,,,,,,,,,,,,,,,,,,,,,,
node,7086516363,POINT (73.8057742 18.6335515),,Prem Clinic and Hospital,,,,,,,,,,hospital,,Pune,411018,,,,,,,,,,,,,,,,,,,,,,,,,"14, Sukhwani Lawns Morawadi Pimpri",Maharashtra,hospital,OpenGovernmentData,,,,,,,,,,,,,,,,,,,,,,,,,,,,,,,,,,,,,,,,,,,,,
node,7226727325,POINT (73.8211251 18.6218172),,PCMC-Yashwantrao Chavan Memorial Hospital,,,,,,,,,,hospital,,Pune,411018,,,,,,,,,,,,,,,,,,,,,,,,,"YCM Hospital Road, Sant Tukaram Nagar, Near Dr. DY Patil Public School, Pune",Maharashtra,,OpenGovernmentData,,,,,,,,,,,Pune City,Sub District Hospital,,,,,,,,,,,,,,,,,,,,,,,,,,,,,,,,,
node,7226727467,POINT (73.847955 18.620365),,PCMC-Bhosari Hospital,,,,,,,,,,hospital,,Pune,411039,,,,,,,,,,,,,,,,,,,,,,,,,"Philips Road, Near Police Chowki, Bhosari",Maharashtra,,OpenGovernmentData,,,,,,,,,,,Pune City,,,,,,,,,,,,,,,,,,,,,,,,,,,,,,,,,,
node,7649461721,POINT (73.8122787 18.5828476),,Bora Hospital,,,,,,,,,,hospital,,Pune,411061,,,,,,,,,,,,,,,,,,,,,,,,,"Kawade Nagar, Kranthi Chowk, New Sanghavi, Pimpri-Chinchwad",Maharashtra,,Local Knowledge,,,,,,,,,,,,,,,,,,,,,,,,,,,,,,,,,,,,,,,,,,,,,
node,7649461753,POINT (73.8307214 18.5806656),,Snehbandh Multispeciality Hospital,,,,,,,,,,hospital,,Pune,411012,,,,,,,,,,,,,,,,,,,,,,,,,"Plot No 24, Near Sambhaji Chowk, Sundar Baug Colony, Pimpri-Chinchwad, Pune",Maharastra,hospital,Local Knowledge,,,,,,,,,,,,,,,,,,,,,,,,,,,,,,,,,,,,,,,,,,,,,
node,7649461764,POINT (73.8026145 18.6248618),,Nanal Hospital,,,,,,,,,,hospital,,Pune,411018,,,,,,,,,,,,,,,,,,,,,,,,,"Sonkar Chamber, Station Road, Pimpri, Opposite Hotel Gokul, Pune",Maharastra,hospital,Local Knowledge,,,,,,,,,,,,,,,,,,,,,,,,,,,,,,,,,,,,,,,,,,,,,
node,7649461777,POINT (73.803616 18.624903),,PCIP Hospital,,,,,,,,,,hospital,,Pune,411018,,,,,,,,,,,,,,,,,,,,,,,,,"2, Shatlejatat Dhandge Path, MIDC, Pimpri-Chinchwad, Pune",Maharastra,hospital,Local Knowledge,,,,,,,,,,,,,,,,,,,,,,,,,,,,,,,,,,,,,,,,,,,,,
node,7649461781,POINT (73.813735 18.586342),,Aditya Hospital,,,,,,,,,,hospital,,Pune,411061,,,,,,,,,,,,,,,,,,,,,,,,,"Suyog Colony, Pimple Gurav, Pimpri-Chinchwad",Maharastra,hospital,Local Knowledge,,,,,,,,,,,,,,,,,,,,,,,,,,,,,,,,,,,,,,,,,,,,,
node,7649461791,POINT (73.8165592 18.5889738),,Pagare Hospital,,,,,,,,,,hospital,,Pune,411061,,,,,,,,,,,,,,,,,,,,,,,,,"Gangardenagar, Pimple Gurav, Pune",Maharastra,hospital,Local Knowledge,,,,,,,,,,,,,,,,,,,,,,,,,,,,,,,,,,,,,,,,,,,,,
node,7649461807,POINT (73.817373 18.588825),,Sudarshan Hospital,,,,,,,,,,hospital,,Pune,411061,,,,,,,,,,,,,,,,,,,,,,,,,"49/1, Gangardenagar , Near Katepuram Chowk, Pimpri-Chinchwad, Pune",Maharastra,hospital,Local Knowledge,,,,,,,,,,,,,,,,,,,,,,,,,,,,,,,,,,,,,,,,,,,,,
node,7649461818,POINT (73.8285109 18.5984676),,Max Neuro Hospital,,,,,,,,,,hospital,,Pune,411034,,,,,,,,,,,,,,,,,,,,,,,,,"Kundan Nagar, Agrasen Nagar Society, Seva Nagar, Kasarwadi, Pimpri-Chinchwad, Pune",Maharastra,hospital,Local Knowledge,,,,,,,,,,,,,,,,,,,,,,,,,,,,,,,,,,,,,,,,,,,,,
node,7944584963,POINT (73.8311472 18.5911058),,Phugewadi,फुगेवाडी,Pune Metro,,station,station,,,,,,,,,,,,,,,,,,,,,,,,,,,,,,,,,,,,,,,,,,,,,,,,,Q3595697,subway,yes,,,,,,,,,,,,,,,,,,,,,,,,,,,,,,
node,7944584975,POINT (73.8337656 18.5837649),,Dapodi,दापोडी,Pune Metro,,station,station,,,Q121140110,,,,,,,,,,,,,,,,,,,,,,,,,,,,,,,,,,,,,,,,,,,,,,Q3595697,subway,yes,,,,,,,,,,,,,,,,,,,,,,,,,,,,,,
node,7944597690,POINT (73.8157455 18.6145248),,Sant Tukaram Nagar,संत तुकाराम नगर,Pune Metro,Pune Metro,station,station,,,,,,,,,,,,,,,,,,,,,,,,,,,,,,,,,,,,,,,,,,,,,,,,,Q3595697,subway,yes,,,,,,,,,,,,,,,,,,,,,,,,,,,,,,
node,7944597699,POINT (73.8272644 18.5996201),,Kasarwadi,कासारवाडी,Pune Metro,,station,station,,,,,,,,,,,,,,,,,,,,,,,,,,,,,,,,,,,,,,,,,,,,,,,,,Q3595697,subway,yes,,,,,,,,,,,,,,,,,,,,,,,,,,,,,,
node,7944597706,POINT (73.8200965 18.609303),,Nashik Phata,नाशिक फाटा,Pune Metro,Pune Metro,station,station,,,,,,,,,,,,,,,,,,,,,,,,,,,,,,,,,,,,,,,,,,,,,,,,,Q3595697,subway,yes,,,,,,,,,,,,,,,,,,,,,,,,,,,,,,
node,8813823813,POINT (73.8545347 18.6241345),,Om Hospital,,,,,,,,,,hospital,Bhosari,Pune,411039,Bhosari - Alandi Road,,,,,,,,,,,,,,,,,,,,,,,,"Bhosari, Pimpri-Chinchwad",Maharashtra,hospital,Local Knowledge,,,,general;vaccination;orthopaedics,,,,,,,,,,,,,,,,,,,,,,,,,,,,,,,,,,,,,,,,,
node,8814079665,POINT (73.8538715 18.6240914),,Sanjeevan Hospital,,,,,,,,,,hospital,,Pune,411039,,,,,,,,,,,,,,,,,,,,,,,,,"Hutatma Chowk, Ramnagar, Bhosari, Pimpri-Chinchwad",Maharashtra,,Local Knowledge,,,,,,,,,,,,,,,,,,,,,,,,,,,,,,,,,,,,,,,,,,,,,
node,8814464678,POINT (73.8492487 18.6342365),,Life Line Hospital,,,,,,,,,,hospital,,Pune,411039,,,,,,,,,,,,,,,,,,,,,,,,,"Indrayani Nagar, Tathawade, Bhosari, Pimpri-Chinchwad",Maharashtra,,Local Knowledge,,,,,,,,,,,,,,,,,,,,,,,,,,,,,,,,,,,,,,,,,,,,,
node,8937735777,POINT (73.8385008 18.6214088),,Essar,,,,,,,,,,fuel,,,,,Essar,,,,,,,,,,,,,,,,,,,,,Q5399372,,,,,,,,,,,,,,,,,,,,,,,,,,,,,,,,,,,,,,,,,,,,,,,,,,
node,9572921027,POINT (73.8212451 18.6085301),,Nashik Phata,नाशिक फाटा,,,,subway_entrance,,,,,,,,,,,,,,,,,,,,,,,,,,,,,,,,,,,,,,,,,,,,,,,,,,,,yes,yes,,,,,,,,,,,,,,,,,,,,,,,,,,,,
node,9572921030,POINT (73.8315368 18.5908865),,Phugewadi,फुगेवाडी,,,,subway_entrance,,,,,,,,,,,,,,,,,,,,,,,,,,,,,,,,,,,,,,,,,,,,,,,,,,,,yes,yes,,,,,,,,,,,,,,,,,,,,,,,,,,,,
node,9572921048,POINT (73.8273646 18.5988118),,Kasarwadi,कासारवाडी,,,,subway_entrance,,,,,,,,,,,,,,,,,,,,,,,,,,,,,,,,,,,,,,,,,,,,,,,,,,,,yes,yes,,,,,,,,,,,,,,,,,,,,,,,,,,,,
node,9572921049,POINT (73.8198477 18.6101226),,Nashik Phata,नाशिक फाटा,,,,subway_entrance,,,,,,,,,,,,,,,,,,,,,,,,,,,,,,,,,,,,,,,,,,,,,,,,,,,,yes,yes,,,,,,,,,,,,,,,,,,,,,,,,,,,,
node,9572921067,POINT (73.8270226 18.6008468),,Kasarwadi,कासारवाडी,,,,subway_entrance,,,,,,,,,,,,,,,,,,,,,,,,,,,,,,,,,,,,,,,,,,,,,,,,,,,,yes,yes,,,,,,,,,,,,,,,,,,,,,,,,,,,,
node,9572921068,POINT (73.81576 18.6149853),,Sant Tukaram Nagar,संत तुकाराम नगर,,,,subway_entrance,,,,,,,,,,,,,,,,,,,,,,,,,,,,,,,,,,,,,,,,,,,,,,,,,,,,yes,yes,,,,,,,,,,,,,,,,,,,,,,,,,,,,
node,9572921083,POINT (73.81484 18.6150616),,Sant Tukaram Nagar,संत तुकाराम नगर,,,,subway_entrance,,,,,,,,,,,,,,,,,,,,,,,,,,,,,,,,,,,,,,,,,,,,,,,,,,,,yes,yes,,,,,,,,,,,,,,,,,,,,,,,,,,,,
node,9572921085,POINT (73.8160899 18.6146193),,Sant Tukaram Nagar,संत तुकाराम नगर,,,,subway_entrance,,,,,,,,,,,,,,,,,,,,,,,,,,,,,,,,,,,,,,,,,,,,,,,,,,,,yes,yes,,,,,,,,,,,,,,,,,,,,,,,,,,,,
node,9572921088,POINT (73.8308582 18.5908751),,Phugewadi,फुगेवाडी,,,,subway_entrance,,,,,,,,,,,,,,,,,,,,,,,,,,,,,,,,,,,,,,,,,,,,,,,,,,,,yes,yes,,,,,,,,,,,,,,,,,,,,,,,,,,,,
node,9572921109,POINT (73.8038993 18.6287796),,PCMC Bhavan,पिंपरी-चिंचवड मनपा भवन,,,,subway_entrance,,,,,,,,,,,,,,,,,,,,,,,,,,,,,,,,,,,,,,,,,,,,,,,,,,,,yes,yes,,,,,,,,,,,,,,,,,,,,,,,,,,,,
node,10093180647,POINT (73.7940839 18.5991988),,Tareef,तारीफ,,,,,,,,,restaurant,,,,,,,,,,,,,,,,,,,,,,,,,,,,,,,,,,,,,,,,,,,,,,,,,,,,,,,,,,,,,,,,,,,,,,,,,,,,
node,10172927424,POINT (73.8017598 18.6314612),,Bank Of Maharshtra,,,,,,,,,,bank,,,,,,,,,,,,,,,,,,,,,,,,,,,,,,,,,,,,,,,,,,,,,,,,,,,,,,,,,,,,,,,,,,,,,,,,,,,,
node,10211453602,POINT (73.8032159 18.6337814),,lokmanya hospital,,,,,,,,,,hospital,pune,,411019,,,,,,,,,,,,,,,,,,,,,,,,,,,hospital,,,,,,,,,,,,,,,,,,,,,,,,,,,,,,,,,,,,,,,,,,,,,,
node,10214268972,POINT (73.8032857 18.6293185),,Pimpri Chinchwad Municipal Corporation (PCMC),पिंपरी-चिंचवड मनपा भवन,Pune Metro,,station,station,,,,,,,,,,,,,,,,,,,,,,,,,,,,,,,,,,,,,,,,,,,,,,,,,Q3595697,subway,yes,,,,,,,,,,,,,,,,,,,,,,,,,,,,,,
node,10235274254,POINT (73.8317891 18.589533),,फुगेवाडी जकात नाका,,,,station,,,,,,bus_station,,,,,,,,,,,,,,,,,,,,,,,,,,,,,,,,,,,,,,,,,,,,,,,,,yes,,,,,,,,,,,,,,,,,,,,,,,,,,,
node,10235274256,POINT (73.8288356 18.596463),,Atlas Copco,,,,station,,,,,,bus_station,,,,,,,,,,,,,,,,,,,,,,,,,,,,,,,,,,,,,,,,,,,,,,,,,yes,,,,,,,,,,,,,,,,,,,,,,,,,,,
node,10312971688,POINT (73.8447457 18.6370988),,Bank of Maharashtra,,,unknown,,,,,,,bank,pune,,411039,sahara street,unknown,,,,,,,,,,,,,,,,,,,,Indrayani nagar,,,,,,,,,,,Mo-Su 09:00-21:00,radhakrishna complex,,,,,,,,,,,,,yes,yes,yes,,,,,,,,,,,,,,,,,,,,,,,,
node,10603267259,POINT (73.8188522 18.5808747),,Gayatri Bhel,,,,,,,,,,restaurant,Pune,,411061,Vidya Nagar Lane 1,,,,,,,,,,,,,,,,,,,,multicuisine,,,,,,,,,,,,,Khau Galli,,,,,,,,,,,,,,,,,,,,,,,,,,,,,,,,,,,,,,,
node,10723431692,POINT (73.8158263 18.5998927),,Dr. Satra's Dental Clinic,,,Identifies as women-owned,,,,,,,hospital,Pune,,411061,Damodar Jagtap Path,,,,,,,,,,,,,,,,,,,,,,,,,,hospital,,,,,,,,,,,,,,,,,,,,,,,,,,,,,,,,,,,,,,,,,,,,,,
node,10724934819,POINT (73.8177383 18.6001927),,Khare Dental Clinic,,,,,,,,,,hospital,Pune,,411061,Pimple Gurav Road,,,,,,,,,,,,,,,,,,,,,,,,,,hospital,,,,,,,,,,,,,,,,,,,,,,,,,,,,,,,,,,,,,,,,,,,,,,
node,10724936330,POINT (73.8161559 18.5985006),,Ashtavinayak Dental Clinic,,,,,,,,,,hospital,PUNE,,411061,"Preetam Prakash Plaza, Jawalkar Nagar, Pimple Gurav",,,,,,,,,,,,,,,,,,,,,,,,,,hospital,,,,,,,Shop no. 4,,,,,,,,,,,,,,,,,,,,,,,,,,,,,,,,,,,,,,,
node,10724936331,POINT (73.816064 18.5982284),,Datacha Dawakhana,,,,,,,,,,hospital,PUNE,,411061,"Sudarshan Nagar, Pimple Gurav",,,,,,,,,,,,,,,,,,,,,,,,,,hospital,,,,,dentist;09822941947,,Shop No 1,,,,,,,,,,,,,,,,,,,,,,,,,,,,,,,,,,,,,,,
node,10724941692,POINT (73.8164532 18.5954785),,SANJIVANI HOSPITAL,,,,,,,,,,hospital,PUNE,,,"Varad Residency, Damodar Jagtap Path, Prabhat Nagar, Pimple Gurav",,,,,,,,,,,,,,,,,,,,,,,,,,hospital,,,,,,,,,,,,,,,,,,,,,,,,,,,,,,,,,,,,,,,,,,,,,,
node,10724941693,POINT (73.8163512 18.595659),,घनवट हॉस्पिटल,,,,,,,,,,hospital,PUNE,,,"Damodar Jagtap Path, above paras medical, Prabhat Nagar, Pimple Gurav, Pimpri-Chinchwad",,,,,,,,,,,,,,,,,,,,,,,,,,hospital,,,,,general,,HRW8+7G9,,,,,,,,,,,,,,,,,,,,,,,,,,,,,,,,,,,,,,,
node,10724941694,POINT (73.8152038 18.5969714),,Shri Hospital,,,,,,,,,,hospital,PUNE,,411027,"Vaibhav Nivas Sthan, Parshawa Nagari, Pimple Gurav, Pimpri-Chinchwad",,,,,,,,,,,,,,,,,,,,,,,,,,hospital,,,,,general,,HRW8+P4R,,,,,,,,,,,,,,,,,,,,,,,,,,,,,,,,,,,,,,,
node,10724941695,POINT (73.8135318 18.5970107),,Hotel Malhar,,,,,,,,,,restaurant,PUNE,,411027,"Shree Sai Apartment, Pimple Gurav Rd, near Jagtap Petrol Pump, Parshawa Nagari, Pimple Gurav, Pimpri-Chinchwad",,,,,,,,,,,,,,,,,,,,,,,,,,,,,,,,,79/1,,,,,,,,,,,,,,,,,,,,,,,,,,,,,,,,,,,,,,,
node,10725694292,POINT (73.8180576 18.6036667),,Tito's Pune,,,,,,,,,,restaurant,,,,"near, 45 Main Street, Sr No 88/1, new, Nashik Phata Flyover, Kashid Park, Pimple Gurav, Pune, Maharashtra 411061",,,,,,,,,,,,,,,,,,,,,,,,,,,,,,,,,,,,,,,,,,,,,,,,,,,,,,,,,,,,,,,,,,,,,,,,
node,10725700249,POINT (73.8167019 18.6026273),,Hotel Aamantran beer bar & restaurant,,,,,,,,,,restaurant,Pune,,411061,"Sr No 89, 1, mhasoba chowk, Kashid Park, Kranti Nagar, Pimple Gurav, Pune, Maharashtra",,,,,,,,,,,,,,,,,,,,,,,,,,,,,,,,,,,,,,,,,,,,,,,,,,,,,,,,,,,,,,,,,,,,,,,,
node,10725751758,POINT (73.8244802 18.6033572),,Kand Clinic,,,,,,,,,,hospital,,,,"JR3F+8RF, maruti landge chawl, Old Mumbai - Pune Hwy, Kasarwadi, Pune, Maharashtra 411034",,,,,,,,,,,,,,,,,,,,,,,,,,hospital,,,,,,,,,,,,,,,,,,,,,,,,,,,,,,,,,,,,,,,,,,,,,,
node,10725760953,POINT (73.8251725 18.6023463),,PCMC Hospital,,,,,,,,,,hospital,,,,"JR2G+X25, Nashik Phata Road, Shastri Nagar, Kasarwadi, Pimpri-Chinchwad, Maharashtra 411034",,,,,,,,,,,,,,,,,,,,,,,,,,hospital,,,,,,,,,,,,,,,,,,,,,,,,,,,,,,,,,,,,,,,,,,,,,,
node,10725761441,POINT (73.8259594 18.6018506),,Hotel Shilpa (Gavran),,,,,,,,,,restaurant,,,,"Old Mumbai - Pune Hwy, next to JN Marshall Company, below Union Bank of india, Shastri Nagar, Kasarwadi, Pimpri-Chinchwad, Maharashtra 411034",,,,,,,,,,,,,,,,,,,,,,,,,,,,,,,,,,,,,,,,,,,,,,,,,,,,,,,,,,,,,,,,,,,,,,,,
node,10725773428,POINT (73.8175407 18.6003593),,Joshi's Snacks Center,,,,,,,,,,restaurant,,,,"Kalpataru Estate (Phase - 1), Opposite Pune., Pimple Gurav, Pune, Maharashtra 411061",,,,,,,,,,,,,,,,,,,,,,,,,,,,,,,,,,,,,,,,,,,,,,,,,,,,,,,,,,,,,,,,,,,,,,,,
node,10725776833,POINT (73.8178154 18.5991882),,Ignite Restro & Lounge,,,,,,,,,,restaurant,,,,"Sr. No. 91, Kashid Park, Prabhat Nagar, Pimple Gurav, Pimpri-Chinchwad, Maharashtra 411061",,,,,,,,,,,,,,,,,,,,,,,,,,,,,,,,,,,,,,,,,,,,,,,,,,,,,,,,,,,,,,,,,,,,,,,,
node,10725966767,POINT (73.8156198 18.6019875),,Dominoes,,,,,,,,,,restaurant,,,,"Upper Ground Floor,Municipal Corporation, 1, Wakad - Nashik Phata BRTS Rd, काशिद पार्क, Pimple Gurav, Pimpri-Chinchwad, Maharashtra",,,,,,,,,,,,,,,,,,,,,,,,,,,,,,,,,,,,,,,,,,,,,,,,,,,,,,,,,,,,,,,,,,,,,,,,
node,10725975155,POINT (73.8136356 18.6006823),,Kokan Spice Family Restaurant,,,,,,,,,,restaurant,,,,"BRT Road, Maharashtra Colony, Kashid Park, Jawakar Nagar, Pimple Gurav, Pune, Maharashtra 411061",,,,,,,,,,,,,,,,,,,,,,,,,,,,,,,,,,,,,,,,,,,,,,,,,,,,,,,,,,,,,,,,,,,,,,,,
node,10743414164,POINT (73.7904165 18.5967134),,ASG eye hospital,ए एस जी डोळ्यांचे रुग्णालय,,,,,,,,,hospital,,,,,,,,,,,,,,,,ASG eye hospital,,,,,,,,,,,,,,hospital,,,private,,optometry,,,,,,,,,,,,,,,,,,4,2023-09-30,4,,,,,,,,,,,,,,,,,,,,,
node,10806879301,POINT (73.851652 18.6237191),,JaiHind Hospital,,,,,,,,,,hospital,Pimpri Chinchwad,,411039,Pune Nashik Highway,,,,,,,,,,,,,,,,,,,,,,,,,,hospital,,,,,general;orthopaedics,,,,,,,,,,,,,,,,,,,,,,,,,,,,,,,,,,,,,,,,,
node,10806966846,POINT (73.8224215 18.5852287),,Ashoka Hotel,,,,,,,,,,restaurant,,,,,,,,,,,,,,,,,,,,,,,,indian,,,,,,,,,,,,,,,,,,,,,,,,,,,,,,,,yes,,,,,,,,,,,,,,,,,,,,
node,10807028855,POINT (73.8482182 18.6315671),,Shri Bhairavnath Secondary and Higher Secondary School,,,,,,,,,,school,,,,,,,,,,,,,,,,,,,,,,,,,,,,,,,,,,,,,,,,,,,,,,,,,,,,,,,,,1-10,,,,,,,,,,,,,,,,,,,
node,11059326652,POINT (73.7911307 18.6392794),,Astha Hospital,,,,,,,,,,hospital,Pune,pune,411019,"Udyog Nagar, Chinchwad, Pimpri-Chinchwad,",,,,,,,,,,,,,,,,,,,,,,,,,,hospital,,,,,general,,45/2/365,,,,,,,,,,,,,,,,,,,,,,,,,,,,,,,,,,,,,,,
node,11059328195,POINT (73.790488 18.6366048),,Satav pathology Laboratory,,,Dr. Satav,,,,,,,hospital,pune,Pune,411019,"Chinchwad Station Rd, near Dr Pharande Dental Hospital, opposite Lokmanya Care Hospital, Renuka Sai Society, Sudarshan Nagar, Chinchwad",,,,,,,,,,,,,,,,,,,,,,,,,,hospital,,,private,,pathology,,,,,,,,,,,,,,,,,,,,,,,,,,,,,,,,,,,,,,,,,
node,11507930596,POINT (73.8232478 18.5874256),,MedPlus,,,,,,,,,,pharmacy,Pune,Pune,411061,"Sharan Residency, 60 feet Road",MedPlus,,,,,,,,,,,,,,,,,,,,,Q65684234,,,,pharmacy,,,,,,,,,,,,,,,,,,,,,,,,,,,,,,,,,,,,,,,,,,,,,,
node,11508303986,POINT (73.8240955 18.5910222),,Hotel Maifil,,,,,,,,,,restaurant,Pune,Pune,411061,"60 Feet Road, Pimple Gurav",,,,,,,,,,,,,,,,,,,,indian;regional,,,,,,,,,,,,Mo-Su 09:00-21:00,,,,,,,,,,,,,,,,,,,,yes,,yes,yes,isolated,yes,,,,,,,,,,,,,,,
node,11508412198,POINT (73.8300615 18.5823641),,Pizza Hut,,,,,,,,,,restaurant,Pune,Pune,411012,"Dapodi Pimple Gurav Road, Dapodi",Pizza Hut,,,,,,,,,,,,,,,,,,,pizza,,Q191615,,,,,,,,,,,,,,,,,,,,,,,,yes,,,,,,yes,,yes,yes,,,,,,,,,,,,,,,,,
node,11508426625,POINT (73.8303185 18.5823072),,Bank of Maharashtra Dapodi,,,Government of India,,,,,,,bank,Pune,Pune,411012,"Dapodi Pimple Gurav Road, Dapodi",,,,,,,,,,,,,,,,,,,,,,,,,,,,,,,,Mo-Fr 10:00-15:30,,,,,,,,,,,,,,,yes,,,,,,,,,,,,,,,,,,,,,,,,,
node,11709999510,POINT (73.7938971 18.5939592),,Rangla Punjab,रंगला पंजाब,,,,,,,,,restaurant,,,,,,,,,,,,,,,,Rangla Punjab,,,,,,,,,,,,,,,,,,,,,,,,,,,,,,,,,,,,,,2024-03-07,,,,,,,,,,,,,,,,,,,,,,
node,11709999513,POINT (73.7938771 18.5938143),,Healthcare,हेल्थकेअर,,,,,,,,,pharmacy,,,,,,,,,,,,,,,,Healthcare,,,,,,,,,,,,,,pharmacy,,,,,,,,,,,,,,,,,,,,,,,,2024-03-07,,,,,,,,,,,,,,,,,,,,,,
node,11729850453,POINT (73.8068621 18.5829125),,Construction Site,,,ABC,,,,,,,hospital,,,,,,,,,,,,,,,,,,,,,,,,,,,,,,hospital,,,private,,general,,,,,,,,Residential Building construction site.,,,,,,,,,,,,,,,,,,,,,,,,,,,,,,,,,
node,11832697270,POINT (73.7989619 18.6115043),,Indian Oil,,,,,,,,,,fuel,,,,,Indian Oil,,,,,,,,,,,,,,,,,,,,,Q1289348,,,,,,,,,,,,,,,,,,,,,,,,,,,,,,,,,,,,,,,,,,,,,,,,,,
node,11930183768,POINT (73.7977157 18.5987992),,Champaran Handi Junction,,,,,,,,,,restaurant,,,,"Shirke Patil Plaza, Shiva Sai Lane",,,,,,,,,,,,,,,,,,,,,,,,,,,,,,,,,,,,,,,,,,,,,,,,,,,,,,,,,,,,,,,,,,,,,,,,
node,12035806969,POINT (73.819733 18.6284915),,Indian Oil,,,,,,,,,,fuel,,,,,Indian Oil,,,,,,,,,,,,,,,,,,,,,Q1289348,,,,,,,,,,,,,,,,,,,,,,,,,,,,,,,,,,,,,,,,,,,,,,,,,,
node,12049076645,POINT (73.8115033 18.625316),,Hindustan Antibiotics School,,,,,,,,,,school,pimpri,pune,,Old Pune–Mumbai Highway,,,,,,,,,,,,,,,,,,,,,,,,,,,,,,,,,,,,,,,"old school by Decan Education Society.
basketball court.",,,,,,,,,,,,,,1-10,,,,,,,,,,,,,,,,,,,
node,12049125596,POINT (73.8113796 18.6203015),,Indian Oil Petrol Pump,,,,,,,,,,fuel,pimpri,pune,,Old Pune–Mumbai Highway,Indian Oil Petrol Pump,,,,yes,yes,no,,,,,,,,,,,,,,,Q1289348,,,,,,,,,,,,,,,,,,,,,,,,,,,,,,,,,,,,yes,,,,,,,,,,,,,,
node,12091376985,POINT (73.793938 18.5940005),,Federal Bank,फेडरल बँक,,,,,,,,,bank,,,,,Federal Bank,,,,,,,,,,,,,,,,,,,,,Q2044983,,,,,,,,,,,,,,,,,,,,,,,,,,,,2024-08-04,,,,,,,,,,,,,,,,,,,,,,
node,12688256461,POINT (73.8154203 18.5820681),,Cake Story Desserts,,,,,,,,,,restaurant,Pimpri-Chinchwad,Pune,411061,"Krushna Chowk, Radha Raman Complex, Vinayak Nagar, New Sangavi",,,,,,,,,,,,,,,,,,,,cake,,,,,,,,,,https://maps.app.goo.gl/6fZcfB183Ut4KFrL6,,Mo-Su 09:00-23:00,"Shop No 6,",,,,,,,,,,,,,,,,,,,yes,,,,,,,+91-9689-518109,,,,,,,,,,,,,
node,13347272452,POINT (73.8296208 18.6161398),,city hospital,,,,,,,,,,hospital,,,,,,,,,,,,,,,,,,,,,,,,,,,,,,hospital,,,,,,,,,,,,,,,,,,,,,,,,,,,,,,,,,,,,,,,,,,,,,,
relation,18077260,"MULTIPOLYGON (((73.832868 18.581045, 73.8328226 18.5810288, 73.8328072 18.5810232, 73.8329221 18.5807261, 73.8328694 18.580708, 73.832801 18.5806837, 73.832736 18.5808543, 73.832781 18.5808699, 73.832712 18.5810481, 73.8327325 18.5810553, 73.8323376 18.5820578, 73.8323989 18.5820796, 73.8327876 18.581074, 73.8328032 18.5810796, 73.8328486 18.5810957, 73.8328609 18.5811001, 73.8329198 18.581121, 73.8331675 18.5804824, 73.8331083 18.5804615, 73.8328805 18.5810495, 73.832868 18.581045)), ((73.8324707 18.5821072, 73.8325286 18.5821292, 73.8328674 18.581256, 73.8328083 18.5812357, 73.8324707 18.5821072)))",,Dapodi,दापोडी,,,station,,DAPD,,Q15212786,en:Dapodi railway station,,,,,,,train_station,,,,,,,,,,,,,,,,,,,,,,,,,,,,,,,,,,,,,,,,,,,,,,,,,,,,,,,,,,,,,,,,1,Category:Dapodi railway station,,,,,multipolygon
way,53348758,"POLYGON ((73.8352626 18.5889947, 73.834699 18.58816, 73.8342834 18.5875071, 73.8337916 18.5868723, 73.8355099 18.5858944, 73.8362855 18.5871186, 73.8368909 18.5880743, 73.8352626 18.5889947))",,Kendriya Vidyalaya College of Military Engineering,,,,,,,,,,school,,,,,Kendriya Vidyalaya,,,,,,,,,,,,,,,,,,,,,Q1156653,,,,,,,government_non_profit,,,,,,,,,,,,,,,,,,,,,,,,,,,,,,,,,,,,,,,,,,,
way,210788895,"POLYGON ((73.8280123 18.5986375, 73.8282398 18.5981416, 73.828368 18.5986067, 73.8280123 18.5986375))",,,,,,,,,,,,fuel,,,,,BPCL,,,yes,yes,,,,,,,,,,,,,,,,,,,,,,,,,,,,,,,,,,,,,,,,,,,,,,,,,,,,,,,yes,yes,,,,,,,,,,,
way,229242164,"POLYGON ((73.790501 18.6039357, 73.7904978 18.6038845, 73.7904935 18.6038157, 73.7903917 18.6038214, 73.7903992 18.6039414, 73.790501 18.6039357))",,Dr. Chame Hospital,,,,,,,,,,hospital,,,,,,yes,,,,,,,,,,,,,,,,,,,,,,,,hospital,,,,,,,,,,,,,,,,,,,,,,,,,,,,,,,,,,,,yes,,,,,,,,,,
way,242682734,"POLYGON ((73.8150075 18.6157862, 73.8163318 18.6142648, 73.8164455 18.6142265, 73.8165322 18.6142265, 73.8166016 18.6142393, 73.816842 18.6159078, 73.8166785 18.6159001, 73.816564 18.6158717, 73.8164904 18.6158252, 73.8163241 18.6156599, 73.8159916 18.6158665, 73.8158662 18.6159207, 73.8157599 18.6159492, 73.8156345 18.6159569, 73.8154083 18.6159466, 73.8150075 18.6157862))",,Pimpri-Chinchwad Bus Stand,पिंपरी-चिंचवड बस स्थानक,,,station,,,,,,bus_station,,,,,,,,,,,,,,,,,,,,,,,,,,,,,,,,,,,,,,,,,,,,,,,,,yes,,,,,,,,,,,,,,,,,,,,,,,,,,,
way,260467926,"POLYGON ((73.8291086 18.5821627, 73.8290863 18.5819644, 73.8294039 18.5819442, 73.8294326 18.5821265, 73.8291086 18.5821627))",,HP Mata shitaladevi Petrol Pump,,,,,,,,,,fuel,,,,,Hindustan Petroleum,,,,,,,,,,,,,,,,,,,,,Q1619375,,,,,,,,,,10:00-17:30,,,,,,,,,,,,,,,,,,,,,,,,,,,,,,,Hindustan Petroleum,,,,,,,,,
way,260625425,"POLYGON ((73.8036145 18.6258833, 73.8042697 18.6257274, 73.8043165 18.6257889, 73.8045716 18.626045, 73.8042953 18.6264269, 73.8036145 18.6258833))",,Vishal E-Square,विशाल ई-स्क्वेअर,,,,,,,,,cinema,,,,,,,,,,,,,,,,,,,,,,,,,,,,,,,,,,,,,,,,,,,,,,,,,,,,,,,,,,,,,,,,,,,,,,,,,,,,
way,263797368,"POLYGON ((73.8267011 18.6020551, 73.8268107 18.601809, 73.8266343 18.6017397, 73.8264364 18.602128, 73.8267011 18.6020551))",,Indian Oil,,,,,,,,,,fuel,,,,,Indian Oil,,,,yes,,,,,,,,,,,,,,,,,Q1289348,,,,,,,,,,,,,,,,,,,,,,,,,,,,,,,,,,,,,,yes,yes,,,,,,,,,,,
way,263797374,"POLYGON ((73.817574 18.6128252, 73.8178713 18.6129413, 73.8176264 18.6131902, 73.8174026 18.6130285, 73.817574 18.6128252))",,Shell,,,,,,,,,,fuel,,,,,Shell,,,,yes,,,,,,,,,,,,,,,,,Q110716465,,,,,,,,,,,,,,,,,,,,,,,,,,,,,,,,,,,,,,yes,yes,,,,,,,,,,,
way,359519692,"POLYGON ((73.7995999 18.632874, 73.799731 18.6327213, 73.7995664 18.6325944, 73.7994876 18.6326863, 73.7995131 18.6327059, 73.7994608 18.6327669, 73.7995999 18.632874))",,Indian Oil,,,,,,,,,,fuel,,,,,Indian Oil,,,,,,,,,,,,,,,,,انڈین آئل,,,,Q1289348,en:Indian Oil Corporation,,,,,,,,,,,انڈین آئل,,,,,,,,,,,,,,,,,,,,,,,,,,,,,,,,,,,,,,
way,359527638,"POLYGON ((73.8425225 18.6168561, 73.8427871 18.6168034, 73.8427622 18.6166909, 73.8424976 18.6167436, 73.8425225 18.6168561))",,,,,Shree Swami Samarth Enterprises,,,,,,,fuel,,,,,Hindustan Petroleum (HP),,,,yes,yes,no,,,,,,,,,,,,,,,,,,,,,,,,,,,,,,,,,,,,,,,,,,,,,,,,,,,,,,,,,1,Mo-Su 09:00-19:00,,,,,,,
way,359533380,"POLYGON ((73.8227377 18.6243553, 73.8226953 18.6245774, 73.8227209 18.624611, 73.8227643 18.6246324, 73.822752 18.6246603, 73.8228046 18.624694, 73.8228987 18.6247042, 73.8229651 18.6243739, 73.8228647 18.6242928, 73.8228332 18.624331, 73.8228667 18.6243646, 73.8227591 18.6243487, 73.8227377 18.6243553))",,Dental College - DY Patil Vidyapeeth,,,,,,,,,,hospital,,,,,,,,,,,,,,,,,,,,,,,,,,,,,,hospital,,,,,orthodontics,,,,,,,,,,,,,,,,,,,,,,,,,,,,,,,,,,,5,,,,,,
way,359533471,"POLYGON ((73.8112728 18.6202631, 73.8114244 18.6203895, 73.8114813 18.6203283, 73.8113296 18.6202019, 73.8112728 18.6202631))",,Indian Oil Petrol Pump,,,,,,,,,,fuel,pimpri,pune,,Old Pune–Mumbai Highway,Indian Oil Petrol Pump,,,,yes,yes,no,,,,,,,,,,,,,,,Q1289348,,,,,,,,,,,,,,,,,,,,,,,,,,,,,,,,,,,,yes,,,,,,,,,,,,,,
way,359539613,"POLYGON ((73.8016636 18.6314778, 73.8018534 18.631625, 73.80197 18.6314899, 73.8017802 18.6313427, 73.8016636 18.6314778))",,Bank of Maharashtra,,,,,,,,,,bank,,,,,Bank of Maharashtra,yes,,,,,,,,,,,,,,,,,,,,Q2004304,en:Bank of Maharashtra,,,,,,,,,,,,,,,,,,,,,,,,,,,,,,,,,,,,,,,,,,,,,,,,,
way,359555674,"POLYGON ((73.8028891 18.6263937, 73.8029966 18.6264738, 73.8029036 18.6265801, 73.803028 18.6266778, 73.8031229 18.6265694, 73.8032985 18.6267073, 73.8032037 18.6268158, 73.8033285 18.6269139, 73.8034181 18.6268115, 73.8035124 18.6268856, 73.8036067 18.6267777, 73.8034955 18.6266903, 73.8035589 18.6266052, 73.8034492 18.6265269, 73.803388 18.6265936, 73.8032009 18.6264466, 73.8032542 18.6263795, 73.803108 18.6262817, 73.8030515 18.6263548, 73.802974 18.6262969, 73.8028891 18.6263937))",,Bank Of India,,,,,,,,,,bank,,,,,,yes,,,,,,,,,,,,,,,,,,,,,,,,,,,,,,,,,,,,,,,,,,,,,,,,,,,,,,,,,,,,,,,,,,,,,,
way,359561623,"POLYGON ((73.795879 18.6387387, 73.796077 18.6385101, 73.7958694 18.6383487, 73.7958223 18.6384031, 73.7958641 18.6384355, 73.7957132 18.6386098, 73.795879 18.6387387))",,Bharat Petroleum,,,,,,,,,,fuel,,,,,Bharat Petroleum,,,,,,,,,,,,,,,,,,,,,Q854826,en:Bharat Petroleum,,,,,,,,,,,,,,,,,,,,,,,,,,,,,,,,,,,,,,,,,,,,,,,,,
way,359571957,"POLYGON ((73.8111965 18.6251596, 73.8111868 18.6251733, 73.8114224 18.6250616, 73.8115209 18.6251343, 73.8114664 18.6252007, 73.8115255 18.6252444, 73.8115801 18.625178, 73.8116887 18.6252581, 73.8115997 18.6253663, 73.8115532 18.6254229, 73.8116346 18.6254829, 73.81187 18.6251966, 73.8114319 18.6248733, 73.8111965 18.6251596))",,,,,,,,,,,,school,,,,,,yes,,,,,,,,,,,,,,,,,,,,,,,,,,,,,,,,,,,,,,,,,,,,,,,,,,,,,,,,,,,,,,,,,,,,,,
way,359926124,"POLYGON ((73.8007841 18.608248, 73.8009119 18.6082427, 73.8009004 18.6079946, 73.8007726 18.6079999, 73.8007841 18.608248))",,ADITYA BIRLA MULTISPECIALITY HOSPITAL,,,PUBLIC,,,,,,,hospital,PUNE,HAVELI,411017,Pimple Saudagar-Pimpri Link Road,,,,,,,,,,,,,,,,,,,,,,,,,,hospital,,,government,,,,,,,,,,,,,,,,,,,,,,,,,,,,,,,,,yes,,,,,,,,,,
way,359987552,"POLYGON ((73.8072433 18.5997306, 73.8073837 18.5997105, 73.8073697 18.5996228, 73.8072293 18.5996428, 73.8072433 18.5997306))",,Swaraj Garden Restaurant,,,,,,,,,,restaurant,,,,,,yes,,,,,,,,,,,,,,,,,,regional,,,,,,,,,,,,,,,,,,,,,,,,,,,,,,,,,,,,,,,,,,,,,,,,,,,,
way,580190219,"POLYGON ((73.8329261 18.5851, 73.8329384 18.584941, 73.8331203 18.5849536, 73.8331107 18.5850773, 73.8330636 18.5851096, 73.8329261 18.5851))",,MNGL CNG,,,,,,,,,,fuel,,,,,MNGL,,,yes,,,,,,,,,,,,,,,,,,,,,,,,,,,,24/7,,,,,,,,,,,,,,,,,,,,,,,,,,,,,,,,,,,,,,,,
way,615881315,"POLYGON ((73.7958164 18.6382731, 73.7961215 18.6385043, 73.7957615 18.6389308, 73.7954984 18.6387315, 73.7954867 18.6386638, 73.7958164 18.6382731))",,Bharat Petroleum,भारत पेट्रोलियम,,,,,,,,,fuel,,,,,Bharat Petroleum,,,,,,,,,,,,,,,,,بھارت پٹرولیم,,,,Q854826,en:Bharat Petroleum,,,,,,,,,,,بھارت پٹرولیم,,,,,,,,,,,,,,,,,,,,,,,,,,,,,,,,,,,,,,
way,662180798,"POLYGON ((73.8120943 18.5971616, 73.8120835 18.596955, 73.8124449 18.5969379, 73.8124558 18.5971445, 73.8120943 18.5971616))",,Jagtap Patil Petroleum,जगताप पाटील पेट्रोलियम,,,,,,,,,fuel,,,,,Hindustan Petroleum,,,,,,,,,,,,,,,,,,,,,,,,,,,,,,,,,,,,,,,,,,,,,,,,,,,,,,,,,,,,,,,,,,,,,,,
way,662180799,"POLYGON ((73.8175153 18.6120796, 73.8173436 18.6119406, 73.8171147 18.6121947, 73.8172865 18.6123336, 73.8175153 18.6120796))",,Shell,शेल,,,,,,,,,fuel,,,,,Shell,,,,yes,,,,,,,,,,,,,,,,,Q110716465,,,,,,,,,,,,,,,,,,,,,,,,,,,,,,,,,,,,,,yes,yes,,,,,,,,,,,
way,752168700,"POLYGON ((73.803919 18.6278443, 73.8033749 18.6284725, 73.8030354 18.6282084, 73.8031164 18.6281149, 73.8032009 18.6281807, 73.8032635 18.6281085, 73.8033336 18.628163, 73.8037342 18.6277007, 73.803919 18.6278443))",,Dr Patil Ent Hospital,,,,,,,,,,hospital,,Pune,411018,,,yes,,,,,,,,,,,,,,,,,,,,,,"Kamala Crossroad, 1st Floor, Office No 14, B-Wing, Opp P C M C Office, Pimpri",Maharashtra,hospital,OpenGovernmentData,,,,,,,,,,,,,,,,,,,,,,,,,,,,,,,,,,,,,,,,,,,,,
way,819476932,"POLYGON ((73.8501848 18.6274741, 73.8509844 18.6275695, 73.8511455 18.6267491, 73.8501992 18.6267191, 73.8501848 18.6274741))",no,PMPML Bhosari Depot,,PMPML,PMPML,station,,,,Q7260109,en:Pune Mahanagar Parivahan Mahamandal Limited,bus_station,,,,,,yes,,,,,,,,,,,,,,,,,,,,,,,,,,,,,,,,,,,,,,,,,,,yes,,,,,,,,,,,,,,,,,,,,,,Category:Pune Mahanagar Parivahan Mahamandal Limited,,,,,
way,819476936,"POLYGON ((73.8510132 18.6275723, 73.8511772 18.6267573, 73.8520085 18.6267791, 73.8519308 18.627327, 73.8518071 18.6276868, 73.8516316 18.6281992, 73.851413 18.628161, 73.8512836 18.6283328, 73.8511743 18.628311, 73.8511714 18.6277931, 73.8510851 18.6276977, 73.8510132 18.6275723))",,Private Bus Parking Bhosari,,,,station,,,,,,bus_station,,,,,,,,,,,,,,,,,,,,,,,,,,,,,,,,,,,,,,,,,,,,,,,,,yes,,,,,,,,,,,,,,,,,,,-2,,,,,,,,
way,822883220,"POLYGON ((73.8515862 18.6249706, 73.8516603 18.6249416, 73.8514235 18.6242254, 73.851368 18.6239392, 73.8512826 18.623956, 73.8514058 18.6244851, 73.8515862 18.6249706))",,Bhosari Terminal,भोसरी टर्मिनल,PMPML,PMPML,station,,,,Q7260109,en:Pune Mahanagar Parivahan Mahamandal Limited,bus_station,,,,,,yes,,,,,,,,,,,,,,,,,,,,,,,,,,,,,,,,,,,,,,,,,,,yes,,,,,,,,,,,,,,,,,,,-1,,,Category:Pune Mahanagar Parivahan Mahamandal Limited,,,,,
way,823056420,"POLYGON ((73.8490791 18.6320387, 73.8495416 18.6321537, 73.8497025 18.6318219, 73.849891 18.631895, 73.8497477 18.6325217, 73.8490124 18.6323781, 73.8490791 18.6320387))",,Bhosari Sadgurunagar Depot,,PMPML,PMPML,station,,,,Q7260109,en:Pune Mahanagar Parivahan Mahamandal Limited,bus_station,,,,,,yes,,,,,,,,,,,,,,,,,,,,,,,,,,,,,,,,,,,,,,,,,,,yes,,,,,,,,,,,,,,,,,,,,,,Category:Pune Mahanagar Parivahan Mahamandal Limited,,,,,
way,824237873,"POLYGON ((73.856008 18.6242431, 73.8560811 18.6242527, 73.8560628 18.6244068, 73.8559653 18.6243953, 73.856008 18.6242431))",,Mahanagar Co-operative Bank,,,MahanagarCo-operative Bank,,,,,,,bank,,,,,,yes,,,,,,,,,,,,,,,,,,,,,,,,,,,,,,,,,,,,,,,,,,,,,yes,no,,,,,,,,,,,,,,,,,Mo-Sa 09:00-13:00,2,,,,,,
way,824243122,"POLYGON ((73.8197228 18.5888863, 73.8198551 18.5888776, 73.8198468 18.5888283, 73.8198286 18.588793, 73.8197368 18.5887969, 73.8197186 18.5888173, 73.8197228 18.5888863))",,Bank of Maharashtra,,,Bank of Maharashtra,,,,,,,bank,,,,,Bank of Maharashtra,yes,,,,,,,,,,,,,,,,,,,,Q2004304,en:Bank of Maharashtra,,,,,,,,,Mo-Sa 09:30-15:00,,,,,,,,,,,,,,,yes,no,,,,,,,,,,,,,,,,,Mo-Sa 09:30-13:00,,,,,,,
way,1053895577,"POLYGON ((73.821256 18.6240615, 73.8212474 18.6241144, 73.8212302 18.6247326, 73.8215154 18.624302, 73.8219837 18.6240916, 73.8219536 18.6238766, 73.8213705 18.6237184, 73.8210963 18.6236488, 73.8208912 18.6238094, 73.8208912 18.6242364, 73.8211075 18.6248013, 73.8212191 18.624776, 73.8210414 18.6240493, 73.821256 18.6240615))",,,,,,,,,,,,hospital,,,,,,,,,,,,,,,,,,,,,,,,,,,,,,hospital,,,,,,,,,,,,,,,,,,,,,,,,,,,,,,,,,,,,,,,,,,,,,,
way,1122532256,"POLYGON ((73.8023573 18.5970258, 73.8023501 18.5969565, 73.8023368 18.596828, 73.8023234 18.5966984, 73.8022976 18.5964479, 73.8022161 18.5956596, 73.802229 18.5955816, 73.8022476 18.5955523, 73.8022618 18.5955299, 73.802299 18.5955112, 73.8023655 18.5955032, 73.802489 18.5954937, 73.8025117 18.5955907, 73.8025797 18.5958448, 73.8026601 18.5966906, 73.8026014 18.5967024, 73.8026214 18.5970113, 73.8023573 18.5970258))",,Govind Garden,गोविंद गार्डन,,,,,,,,,restaurant,Pune,,411027,,,,,,,,,,,,,,,,,,,,,,,,,,,,,,,,,,,,,,,,,,,,,yes,,,,,,,,,,,,,,,020-27400100,,,,,,,,,Pimple Saudagar,yes,commercial,,
way,1162029789,"POLYGON ((73.8172062 18.5818717, 73.8171459 18.5815287, 73.817313 18.5814891, 73.8173733 18.5818541, 73.8172062 18.5818717))",,MH 14 Food Court,,,,,,,,,,restaurant,,,,,,yes,,,,,,,,,,,,,,,,,,,,,,,,,,,,,,,,,,,,,,,,,,,,,,,,,,,,,,,,,,,,,,,,,,,,,,
way,1258327538,"POLYGON ((73.8458677 18.6402074, 73.8458224 18.639923, 73.8456168 18.6399711, 73.8456044 18.6396896, 73.8459526 18.6396333, 73.8460885 18.6401859, 73.8458677 18.6402074))",,Intelligent Cadet International School,,,,,,,,,,school,,,,,,,,,,,,,,,,,,,,,,,,,,,,,,,,,,,,,,,,,,,,,,,,,,,,,,,,,,,,,,,,,,,,,,,,,,,,
way,1260417861,"POLYGON ((73.7975418 18.5970135, 73.7974553 18.595976, 73.7967342 18.5960716, 73.796885 18.5970466, 73.7975418 18.5970135))",,P K School,पी के शाळा,,,,,,,,,school,,,,,,,,,,,,,,,,,,,,,,,,,,,,,,,,,,,,,,,,,,,,,,,,,,,,,,,,,,,,,,,,,,,,,,,,,,,,
way,1411753290,"POLYGON ((73.8207328 18.6232403, 73.8205533 18.6232632, 73.8205478 18.6230179, 73.820475 18.6227081, 73.8204328 18.6225563, 73.8203362 18.6219195, 73.8202641 18.6215732, 73.8202309 18.6213897, 73.8201279 18.6210165, 73.8205742 18.6209112, 73.8208465 18.6208632, 73.8215899 18.6207335, 73.8217857 18.6213985, 73.8220034 18.6221459, 73.8213673 18.6226167, 73.8211811 18.6227551, 73.8211023 18.6231392, 73.8209872 18.6231427, 73.8209003 18.6232205, 73.820856 18.6232223, 73.8208585 18.6232729, 73.8207986 18.6232872, 73.8207453 18.6232957, 73.8207328 18.6232403))",,Yashwantrao Chavan Memorial Hospital,,,,,,,,,,hospital,,,,,,,,,,,,,,,,,,,,,,,,,,,,,,hospital,,,,,,,,,,,,,,,,,,,,,,,,,,,,,,,,,,,,,,,,,,,,,Q1764541,
